{"cameraMode":{"drawMode":0,"name":"Shaded","section":"Shading Mode"},"sceneLighting":true,"audioPlay":false,"sceneViewState":{"m_AlwaysRefresh":false,"showFog":true,"showSkybox":true,"showFlares":true,"showImageEffects":true,"showParticleSystems":true,"showVisualEffectGraphs":true,"m_FxEnabled":true},"in2DMode":false,"pivot":{"x":-56.306907653808597,"y":-15.740721702575684,"z":112.78048706054688},"rotation":{"x":-0.0032188904006034137,"y":0.9952907562255859,"z":-0.09012959152460098,"w":-0.03554631024599075},"size":7.494809627532959,"orthographic":false}